{"playerName":"Frankie","currentLevel":7,"ringsCollected":33,"npcPositions":[{"x":-5.376870155334473,"y":15.583333015441895,"z":113.84723663330078}],"playerPosition":{"x":3.068930149078369,"y":0.04610249400138855,"z":41.690853118896487},"npcCount":1}